name,x_center,y_center,width,height,label,score,d3_separation,is_truncated_left,is_truncated_right,is_truncated_bot,width_world_estimation,height_world_estimation,sublabel,x_l,y_lt,y_lb,x_s,y_st,y_sb,x_r,y_rt,y_rb,x_b,y_bt,y_bb,is_matched_to_artificial_detection,is_artificial,ttc,z_center_world,width_world,velocity_z,age,class_left_id,sf_confirmed,x_center_world,height_world,confirmed,class_right_id,from_cametra,pyramid,velocity_x,is_in_path,level,origin,l_label,r_label,rel_vx_est,rel_vz_est,rel_az_est,angle_est,angle_rate_est,in_path,rw_l_x,rw_l_y,rw_l_z,rw_r_x,rw_r_y,rw_r_z,rw_s_x,rw_s_y,rw_s_z,rw_b_x,rw_b_y,rw_b_z,rw_kinematic_point_x,rw_kinematic_point_y,rw_kinematic_point_z,id,time_sec
RGB_P4_721898364.png,795.4489,199.92983,193.70972,138.37756,2,99.99835,698.59404,FALSE,TRUE,TRUE,2.83844,2.0156,car,698.59404,130.74105,269.11861,892.30376,130.74105,269.11861,892.30376,130.74105,269.11861,698.59404,130.74105,269.11861,FALSE,FALSE,None,0,0,0,10,1,1,0,0,TRUE,1,0,5,0,0,8,2,1,1,0,0,0,34.9,63.42274,FALSE,3.78196,0.0008,3.32779,6.6204,0.0008,3.32779,6.6204,0.0008,3.32779,3.78196,0.0008,3.32779,5.20118,0.0008,3.32779,231,0
RGB_P4_721841185.png,763.17067,198.63583,265.65867,138.80671,2,99.53408,630.34133,FALSE,TRUE,TRUE,3.94396,2.04603,car,630.34133,129.23248,268.03919,896.27304,129.23248,268.03919,896.27304,129.23248,268.03919,630.34133,129.23248,268.03919,FALSE,FALSE,None,0,0,0,9,1,1,0,0,TRUE,2,0,5,0,0,5,2,2,2,0,0,0,31.67148,60.307,FALSE,2.81426,0.0008,3.38362,6.75822,0.0008,3.38362,6.75822,0.0008,3.38362,2.81426,0.0008,3.38362,4.78624,0.0008,3.38362,231,0.06
RGB_P4_721784622.png,714.81604,210.41407,334.70041,118.78943,2,89.56139,547.46583,FALSE,FALSE,TRUE,4.86709,1.72098,car,547.46583,151.01935,269.80878,882.16625,151.01935,269.80878,882.16625,151.01935,269.80878,547.46583,151.01935,269.80878,FALSE,FALSE,None,0,0,0,8,1,1,0,0,TRUE,2,0,5,0,0,5,2,2,2,0,0,0,26.80072,53.47266,FALSE,1.55639,0.0008,3.29279,6.42348,0.0008,3.29279,6.42348,0.0008,3.29279,1.55639,0.0008,3.29279,3.98994,0.0008,3.29279,231,0.12
RGB_P4_721718762.png,631.16058,217.54767,117.38141,78.01374,2,99.90274,572.46987,FALSE,FALSE,FALSE,2.38532,1.66136,car,572.46987,179.96144,247.75329,689.85128,178.5408,256.55455,655.38161,182.94777,231.48763,581.46799,183.49605,227.87265,FALSE,FALSE,0.50098,0,0,0,7,2,1,0,0,TRUE,2,0,5,0,0,8,2,2,2,-0.95299,-14.24649,1.95974,18.39783,42.78805,TRUE,3.1619,-0.36389,6.41491,7.20922,-0.4745,9.46294,5.26382,-0.33093,5.40772,5.1073,-0.50747,10.47013,4.07169,-0.33093,5.44333,231,0.18
RGB_P4_721663440.png,586.24085,207.57698,91.67753,63.39968,2,99.99625,540.40208,FALSE,FALSE,FALSE,2.33278,1.6633,car,540.40208,176.99769,234.97,632.07962,175.87714,239.27682,607.25129,180.74182,222.58008,546.35215,181.21818,220.62204,FALSE,FALSE,0.73402,0,0,0,6,2,1,0,0,TRUE,2,0,5,0,0,5,2,2,2,-0.60681,-11.69067,2.21659,13.8858,36.60264,TRUE,2.76336,-0.28522,7.73605,6.44378,-0.41084,11.20565,4.944,-0.26101,6.96558,4.26313,-0.43504,11.97613,3.77833,-0.26101,7.00672,231,0.24
RGB_P4_721598818.png,546.4142,198.52201,71.24643,54.10574,2,99.96287,510.79098,FALSE,FALSE,FALSE,2.20142,1.69441,car,510.79098,172.44558,223.5157,582.03742,171.46913,225.57488,567.53975,177.18584,214.72234,517.79199,177.64731,213.69722,FALSE,FALSE,1.19949,0,0,0,5,2,1,0,0,TRUE,2,0,5,0,0,5,2,2,2,-0.31285,-8.5159,1.87331,9.88535,30.86734,TRUE,2.19609,-0.15687,9.15672,5.51048,-0.29128,12.90803,4.3137,-0.1387,8.57278,3.39286,-0.30945,13.49197,3.21347,-0.1387,8.60573,231,0.3
RGB_P4_721544737.png,524.58328,194.23513,71.05405,54.7773,2,99.88178,489.05625,FALSE,FALSE,FALSE,2.20142,1.69441,car,489.05625,168.02896,220.01802,560.1103,166.84647,221.62378,549.10172,174.05369,211.82122,499.68043,174.62365,211.04444,FALSE,FALSE,None,0,0,0,4,2,1,0,0,TRUE,2,0,5,0,0,5,2,2,2,0,0,0,7.69252,28.70381,FALSE,1.45055,-0.01735,8.98211,4.65114,-0.15175,12.83098,3.5847,0.00082,8.46184,2.51699,-0.16992,13.35126,2.48397,0.00082,8.46184,231,0.36
RGB_P4_721481355.png,503.78002,193.48179,59.36283,46.9745,2,99.93424,474.09861,FALSE,FALSE,FALSE,2.06454,1.63166,car,474.09861,170.63876,216.10496,533.46144,169.99454,216.96904,524.89931,175.7885,209.18726,482.46822,176.11666,208.74582,FALSE,FALSE,None,0,0,0,3,2,1,0,0,TRUE,2,0,5,0,0,5,2,2,2,0,0,0,5.6029,25.73696,FALSE,1.04806,-0.01159,10.0164,3.87048,-0.15359,14.08293,3.0833,0.00103,9.65502,1.83524,-0.16621,14.44431,2.05093,0.00103,9.65502,231,0.42
RGB_P4_721294930.png,459.46015,193.53735,38.77491,30.68591,2,94.54497,440.07269,FALSE,FALSE,FALSE,1.71599,1.40403,car,440.07269,178.2099,208.80237,478.8476,178.1944,208.8803,473.34449,181.016,204.38128,443.80205,181.02125,204.33231,FALSE,FALSE,0.75238,0,0,0,99,2,1,0,0,TRUE,2,0,3,0,0,3,2,2,2,-0.55088,-21.60729,-2.13899,1.15113,2.516,TRUE,-0.25408,-0.0463,13.15213,1.63356,-0.20274,17.60412,1.52242,-0.0457,13.10823,-0.14294,-0.20334,17.64801,0.63434,-0.0457,13.1217,219,0.48
RGB_P4_721234029.png,451.00306,192.83657,35.22714,28.50572,2,94.29811,433.38949,FALSE,FALSE,FALSE,1.7235,1.43763,car,433.38949,178.58371,207.07914,468.61663,178.59057,207.08944,464.13293,181.11971,203.31045,436.69517,181.11413,203.30279,FALSE,FALSE,0.82767,0,0,0,98,1,1,0,0,TRUE,2,0,3,0,0,5,2,2,2,-0.22825,-21.28335,-2.06991,0.30165,1.15727,TRUE,-0.62761,-0.09494,14.5824,1.15557,-0.25233,19.07771,1.15069,-0.09529,14.58046,-0.62273,-0.25198,19.07965,0.26137,-0.09494,14.57645,219,0.54
RGB_P4_721178707.png,446.23787,191.53631,33.34166,26.10064,2,92.34544,429.56704,FALSE,FALSE,FALSE,1.70564,1.43246,car,429.56704,178.48599,204.58663,462.9087,178.50344,204.57066,459.04474,180.88549,201.55845,432.59877,180.87408,201.56805,FALSE,FALSE,0.90362,0,0,0,97,2,1,0,0,TRUE,1,0,3,0,0,3,2,2,2,-0.08841,-20.9091,-1.99113,-0.177,0.45537,TRUE,-0.90232,-0.08242,15.97607,0.87561,-0.24037,20.49505,0.92982,-0.08334,15.99812,-0.95652,-0.23945,20.473,0.0133,-0.08242,15.97396,219,0.6
RGB_P4_721119046.png,443.49174,190.68819,30.90971,23.8691,2,92.06471,428.03689,FALSE,FALSE,FALSE,1.70262,1.43713,car,428.03689,178.75364,202.62274,458.9466,178.77468,202.60003,455.72488,180.93288,200.18267,430.74927,180.91909,200.19744,FALSE,FALSE,1.00308,0,0,0,96,2,1,0,0,TRUE,1,0,3,0,0,3,2,2,2,-0.04152,-20.35512,-1.85275,-0.45284,0.94516,TRUE,-1.09272,-0.10024,17.64955,0.68694,-0.25849,22.1807,0.77071,-0.10147,17.68422,-1.17649,-0.25726,22.14603,-0.16148,-0.10024,17.64921,219,0.66
RGB_P4_721060004.png,442.03664,190.17991,29.00152,22.24045,2,90.69008,427.53588,FALSE,FALSE,FALSE,1.69931,1.4382,car,427.53588,179.05968,201.30013,456.5374,179.08023,201.2795,453.8524,181.06091,199.23768,430.10461,181.04711,199.25147,FALSE,FALSE,1.08126,0,0,0,95,2,1,0,0,TRUE,1,0,3,0,0,3,2,2,2,-0.03411,-20.06754,-1.79807,-0.599,1.42254,TRUE,-1.21414,-0.1198,19.04955,0.57324,-0.27815,23.58353,0.66344,-0.12113,19.08717,-1.30434,-0.27682,23.54591,-0.2758,-0.1198,19.0493,219,0.72
RGB_P4_721001583.png,441.62314,190.28037,26.28603,21.03797,2,89.81428,428.48013,FALSE,FALSE,FALSE,1.70237,1.44623,car,428.48013,179.76138,200.79935,454.76616,179.77814,200.7823,452.56332,181.54152,198.92581,430.80628,181.53001,198.93745,FALSE,FALSE,1.15074,0,0,0,94,1,1,0,0,TRUE,2,0,3,0,0,5,2,2,2,-0.02886,-19.87728,-1.78719,-0.64053,0.99962,TRUE,-1.23258,-0.17605,20.32782,0.48976,-0.3343,24.85895,0.57612,-0.17728,20.36252,-1.31894,-0.33307,24.82425,-0.32861,-0.17605,20.32754,219,0.78
RGB_P4_720933861.png,441.87436,188.9485,25.86713,19.62396,2,78.97206,428.9408,FALSE,FALSE,FALSE,1.69989,1.44427,car,428.9408,179.13652,198.76048,454.80792,179.15422,198.74654,452.70089,180.92162,197.32382,431.04415,180.90919,197.33357,FALSE,FALSE,1.23684,0,0,0,93,2,1,0,0,TRUE,1,0,3,0,0,3,2,2,2,-0.02279,-19.62005,-1.75735,-0.6153,1.36918,TRUE,-1.29354,-0.13173,21.8567,0.52409,-0.29006,26.39037,0.61215,-0.13304,21.89397,-1.3816,-0.28875,26.35309,-0.34107,-0.13173,21.85652,219,0.84
RGB_P4_720876679.png,441.79585,189.40618,25.95423,18.2975,2,89.40517,428.81873,FALSE,FALSE,FALSE,1.70113,1.44631,car,428.81873,180.25743,198.55493,454.77296,180.27304,198.54145,452.81031,181.76565,197.23301,430.83466,181.75445,197.24266,FALSE,FALSE,1.34864,0,0,0,92,2,1,0,0,TRUE,1,0,3,0,0,3,2,2,2,-0.01926,-19.12849,-1.63394,-0.62318,1.53361,TRUE,-1.40689,-0.22274,23.56294,0.55994,-0.38115,28.09884,0.64647,-0.22413,23.60241,-1.49342,-0.37976,28.05937,-0.38059,-0.22274,23.56282,219,0.9
RGB_P4_720820118.png,441.92428,188.61172,24.37017,17.04718,2,88.30344,429.73919,FALSE,FALSE,FALSE,1.70097,1.44746,car,429.73919,180.08813,197.13531,454.10937,180.10278,197.12496,452.37314,181.53173,196.09792,431.51804,181.52099,196.10549,FALSE,FALSE,1.47744,0,0,0,91,2,1,0,0,TRUE,1,0,3,0,0,3,2,2,2,-0.01712,-18.57681,-1.49965,-0.61028,1.53302,TRUE,-1.44127,-0.21671,25.4072,0.54471,-0.37511,29.94279,0.62976,-0.21809,25.44633,-1.52632,-0.37373,29.90366,-0.4061,-0.21671,25.40708,219,0.96
RGB_P4_720754256.png,442.02676,187.84762,19.69268,16.28805,2,86.06036,432.18042,FALSE,FALSE,FALSE,1.697,1.4468,car,432.18042,179.7036,195.99165,451.8731,179.71486,195.98528,450.58427,181.14379,195.15503,433.62461,181.13542,195.15974,FALSE,FALSE,1.54747,0,0,0,90,0,1,0,0,TRUE,0,0,2,0,0,3,2,2,2,-0.01488,-18.46709,-1.48407,-0.59999,0.70308,TRUE,-1.29594,-0.18609,26.64063,0.37695,-0.34417,31.16741,0.45459,-0.18715,26.67082,-1.37357,-0.34311,31.13722,-0.4209,-0.18609,26.64049,219,1.02
RGB_P4_720698934.png,442.53069,188.76001,22.31092,15.8983,2,92.51623,431.37523,FALSE,FALSE,FALSE,1.70047,1.44823,car,431.37523,180.81085,196.70916,453.68615,180.82355,196.70022,452.09831,182.07076,195.79093,432.81686,182.06127,195.79759,FALSE,FALSE,1.57579,0,0,0,89,2,1,0,0,TRUE,1,0,3,0,0,3,2,2,2,-0.01187,-18.55271,-1.52071,-0.54937,0.47968,TRUE,-1.40503,-0.28969,27.34638,0.54272,-0.44809,31.88175,0.62889,-0.29107,27.38532,-1.49121,-0.44671,31.84282,-0.38835,-0.28969,27.34615,219,1.08
RGB_P4_720634313.png,441.9134,187.53295,18.22626,14.73133,2,85.65725,432.80027,FALSE,FALSE,FALSE,1.699,1.44877,car,432.80027,180.16729,194.89862,451.02653,180.17734,194.89384,449.95046,181.42665,194.27228,434.04013,181.41898,194.27591,FALSE,FALSE,1.74514,0,0,0,88,2,1,0,0,TRUE,2,0,2,0,0,3,2,2,2,-0.00774,-17.88975,-1.40786,-0.61138,0.04807,TRUE,-1.38555,-0.23994,29.62992,0.33005,-0.39806,34.1576,0.40809,-0.24104,29.66101,-1.46359,-0.39696,34.12651,-0.48888,-0.23994,29.62972,219,1.14
RGB_P4_720580232.png,432.6699,187.12729,17.58518,14.08784,2,88.23265,441.31661,FALSE,FALSE,FALSE,1.699,1.44877,car,423.87731,180.08336,194.17121,441.31661,180.09305,194.16722,441.46249,181.30473,193.65824,426.15514,181.29727,193.66131,TRUE,FALSE,1.84591,0,0,0,87,2,1,0,0,TRUE,2,0,2,0,0,3,2,2,2,-0.00533,-17.58473,-1.35981,-1.53985,-0.46746,TRUE,-2.37195,-0.23641,31.04243,-0.65697,-0.39453,35.57033,-0.57831,-0.23751,31.07376,-2.45061,-0.39343,35.539,-1.47528,-0.23641,31.04235,219,1.2
RGB_P4_720516849.png,433.14696,186.85819,16.97407,13.61949,2,88.23265,441.51919,FALSE,FALSE,FALSE,1.699,1.44877,car,424.65992,180.04845,193.66794,441.51919,180.05784,193.66449,441.63399,181.23817,193.23002,426.77534,181.23088,193.2327,TRUE,FALSE,1.90902,0,0,0,86,2,1,0,0,TRUE,2,0,2,0,0,3,2,2,2,-0.00402,-17.50485,-1.38193,-1.49194,-0.5468,TRUE,-2.37402,-0.23641,32.15423,-0.65937,-0.39453,36.68227,-0.58039,-0.23751,32.1857,-2.45301,-0.39343,36.6508,-1.47735,-0.23641,-1,219,1.26
RGB_P4_720454089.png,442.48395,187.15909,17.49155,13.1906,2,88.23265,433.73818,FALSE,FALSE,FALSE,1.6997,1.44932,car,433.73818,180.56378,193.75439,451.22973,180.57302,193.75093,450.23252,181.66064,193.31873,434.75728,181.6534,193.32142,FALSE,FALSE,1.97252,0,0,0,85,2,1,0,0,TRUE,2,0,2,0,0,3,2,2,2,-0.00384,-17.42204,-1.39546,-0.55407,-0.12158,TRUE,-1.45771,-0.29703,33.25056,0.38763,-0.45523,37.78035,0.46536,-0.29821,33.28376,-1.53544,-0.45406,37.74715,-0.4963,-0.29703,33.25032,219,1.32
RGB_P4_720391948.png,434.41195,186.48972,16.45594,12.40416,2,89.51567,426.18398,FALSE,FALSE,FALSE,1.6997,1.44932,car,426.18398,180.28764,192.6918,442.63992,180.29658,192.68948,442.63131,181.35658,192.39603,427.97226,181.34947,192.39787,TRUE,FALSE,None,0,0,0,84,2,1,0,0,TRUE,2,0,2,0,0,3,2,2,2,-0.00308,-16.77758,-1.29172,-1.36487,-0.66765,FALSE,-2.44022,-0.27547,35.44216,-0.59508,-0.43367,39.97203,-0.51714,-0.27665,35.47545,-2.51815,-0.4325,39.93874,-1.4788,-0.27547,35.44196,219,1.38
RGB_P4_720330429.png,434.74832,186.2864,16.00709,12.06594,2,89.51567,426.74478,FALSE,FALSE,FALSE,1.6997,1.44932,car,426.74478,180.25343,192.31937,442.75186,180.26215,192.31736,442.72762,181.29997,192.07068,428.4258,181.29301,192.07228,TRUE,FALSE,None,0,0,0,83,2,1,0,0,TRUE,2,0,2,0,0,3,2,2,2,-0.00112,-16.69587,-1.2837,-1.33108,-0.42881,FALSE,-2.44432,-0.27547,36.47181,-0.59971,-0.43367,41.0019,-0.52125,-0.27665,36.50532,-2.52278,-0.4325,40.96838,-1.4829,-0.27547,36.47172,219,1.44
RGB_P4_720269526.png,435.0676,186.09665,15.58818,11.75029,2,89.51567,427.27351,FALSE,FALSE,FALSE,1.6997,1.44932,car,427.27351,180.22151,191.9718,442.86169,180.23002,191.97008,442.82359,181.24685,191.76528,428.85711,181.24002,191.76666,TRUE,FALSE,None,0,0,0,82,2,1,0,0,TRUE,2,0,2,0,0,3,2,2,2,0.00041,-16.61771,-1.28292,-1.29901,-0.55476,FALSE,-2.4477,-0.27547,37.48624,-0.60351,-0.43367,42.0165,-0.52463,-0.27665,37.51993,-2.52658,-0.4325,41.98281,-1.48628,-0.27547,37.48624,219,1.5
RGB_P4_720214205.png,442.49592,186.10883,14.95635,11.4793,2,89.51567,435.01774,FALSE,FALSE,FALSE,1.6997,1.44945,car,435.01774,180.36918,191.84848,449.9741,180.37838,191.84665,449.12848,181.35881,191.6587,435.695,181.3514,191.66018,FALSE,FALSE,None,0,0,0,81,2,1,0,0,TRUE,2,0,2,0,0,3,2,2,2,0.00035,-16.54754,-1.28705,-0.55287,-0.22088,FALSE,-1.52998,-0.29769,38.40365,0.26886,-0.45603,42.93809,0.35962,-0.29901,38.44175,-1.62074,-0.45471,42.9,-0.58523,-0.29769,38.40376,219,1.56
RGB_P4_720154544.png,435.85666,185.69947,14.41205,11.05687,2,89.23751,428.65064,FALSE,FALSE,FALSE,1.6997,1.44945,car,428.65064,180.17104,191.22791,443.06269,180.18008,191.22676,442.92771,181.1475,191.10604,429.93496,181.14015,191.10698,TRUE,FALSE,None,0,0,0,80,2,1,0,0,TRUE,2,0,2,0,0,3,2,2,2,-0.00095,-16.20742,-1.25425,-1.21975,-0.64954,FALSE,-2.42774,-0.27819,39.92161,-0.62854,-0.43653,44.45591,-0.53814,-0.27951,39.95955,-2.51814,-0.43521,44.41796,-1.483,-0.27819,39.92164,219,1.62
RGB_P4_720095504.png,436.14932,185.54849,14.08548,10.80644,2,89.23751,429.10658,FALSE,FALSE,FALSE,1.6997,1.44945,car,429.10658,180.14527,190.95171,443.19206,180.15414,190.95087,443.04908,181.10426,190.85921,430.32235,181.09702,190.8599,TRUE,FALSE,None,0,0,0,79,2,1,0,0,TRUE,2,0,2,0,0,3,2,2,2,-0.00186,-16.1346,-1.25886,-1.19036,-0.42013,FALSE,-2.42538,-0.27819,40.87668,-0.62592,-0.43653,45.41087,-0.53577,-0.27951,40.91452,-2.51552,-0.43521,45.37304,-1.48063,-0.27819,40.87666,219,1.68
RGB_P4_720037082.png,436.40464,185.40632,13.77799,10.57063,2,89.23751,429.51565,FALSE,FALSE,FALSE,1.6997,1.44945,car,429.51565,180.12101,190.69164,443.29364,180.1297,190.69104,443.14349,181.06335,190.62574,430.66832,181.05622,190.62623,TRUE,FALSE,None,0,0,0,78,2,1,0,0,TRUE,2,0,2,0,0,3,2,2,2,-0.00165,-16.05743,-1.24677,-1.16471,-0.48504,FALSE,-2.42582,-0.27819,41.81736,-0.62643,-0.43653,46.35158,-0.53622,-0.27951,41.85522,-2.51603,-0.43521,46.31372,-1.48108,-0.27819,41.81735,219,1.74
RGB_P4_719969359.png,441.7022,186.01876,14.09399,10.31058,2,89.23751,434.6552,FALSE,FALSE,FALSE,1.69984,1.44961,car,434.6552,180.86347,191.17405,448.74919,180.87071,191.17295,448.15771,181.71503,191.06459,435.36636,181.70908,191.0655,FALSE,FALSE,None,0,0,0,77,2,1,0,0,TRUE,2,0,2,0,0,3,2,2,2,-0.00151,-15.97252,-1.24343,-0.63259,-0.17259,FALSE,-1.76697,-0.38635,42.90192,0.13446,-0.5446,47.43412,0.21546,-0.38758,42.93759,-1.84797,-0.54338,47.39845,-0.7758,-0.38635,42.90221,219,1.8
RGB_P4_719912180.png,437.6019,185.16919,12.98459,9.50431,2,90.38049,431.10961,FALSE,FALSE,FALSE,1.69984,1.44961,car,431.10961,180.41703,189.91396,444.0942,180.42404,189.91392,443.9462,181.24572,189.9213,432.07535,181.23988,189.92134,TRUE,FALSE,None,0,0,0,76,2,1,0,0,TRUE,2,0,2,0,0,3,2,2,2,-0.00246,-14.44673,-1.03249,-1.04445,-0.39275,FALSE,-2.46932,-0.34033,46.69204,-0.5676,-0.49858,51.22411,-0.4869,-0.34155,46.72757,-2.55003,-0.49735,51.18857,-1.47816,-0.34033,46.69226,219,1.86
RGB_P4_719855618.png,437.81458,185.07435,12.76741,9.3609,2,90.38049,431.43087,FALSE,FALSE,FALSE,1.69984,1.44961,car,431.43087,180.3939,189.73205,444.19828,180.40081,189.73219,444.04705,181.21188,189.7548,432.35799,181.20609,189.75468,TRUE,FALSE,None,0,0,0,75,2,1,0,0,TRUE,2,0,2,0,0,3,2,2,2,-0.00425,-14.38792,-1.03131,-1.02309,-0.20572,FALSE,-2.46329,-0.34033,47.50796,-0.561,-0.49858,52.0398,-0.48086,-0.34155,47.54325,-2.54344,-0.49735,52.00451,-1.47213,-0.34033,47.50806,219,1.92
RGB_P4_719789757.png,438.04877,184.96804,12.52456,9.20002,2,90.38049,431.78649,FALSE,FALSE,FALSE,1.69984,1.44961,car,431.78649,180.36803,189.52864,444.31105,180.37484,189.52898,444.1564,181.17392,189.56805,432.67123,181.16819,189.56776,TRUE,FALSE,None,0,0,0,74,2,1,0,0,TRUE,2,0,2,0,0,3,2,2,2,-0.00606,-14.32088,-1.03355,-0.99957,-0.20955,FALSE,-2.45687,-0.34033,48.45382,-0.55401,-0.49858,52.98541,-0.47443,-0.34155,48.48886,-2.53645,-0.49735,52.95037,-1.46571,-0.34033,48.45379,219,1.98
RGB_P4_719734437.png,442.44001,185.49152,11.93667,9.01858,2,90.38049,436.47167,FALSE,FALSE,FALSE,1.7,1.45,car,436.47167,180.98224,190.00057,448.40834,180.98835,190.00081,447.93512,181.72572,190.00074,436.97457,181.72054,190.00052,FALSE,FALSE,None,0,0,0,73,2,1,0,0,TRUE,2,0,2,0,0,3,2,2,2,-0.00575,-14.2656,-1.04061,-0.55848,-0.0186,FALSE,-1.74429,-0.44272,49.2451,0.09863,-0.60093,53.77458,0.17572,-0.44391,49.27798,-1.82139,-0.59974,53.7417,-0.7843,-0.44272,49.24454,219,2.04
RGB_P4_719669814.png,438.72429,184.57849,11.25349,8.59617,2,89.35883,433.09754,FALSE,FALSE,FALSE,1.7,1.45,car,433.09754,180.28041,188.78138,444.35103,180.2866,188.78231,444.21374,181.03925,188.87658,433.8319,181.03397,188.87577,TRUE,FALSE,None,0,0,0,72,2,1,0,0,TRUE,2,0,2,0,0,3,2,2,2,-0.004,-13.07741,-0.90931,-0.93171,-0.28578,FALSE,-2.43309,-0.34222,52.32841,-0.59078,-0.50043,56.85813,-0.51308,-0.34341,52.36154,-2.51079,-0.49924,56.825,-1.4731,-0.34222,52.32798,219,2.1
RGB_P4_719615733.png,438.80688,184.51137,11.10727,8.49432,2,89.35883,433.25325,FALSE,FALSE,FALSE,1.7,1.45,car,433.25325,180.26421,188.65475,444.36052,180.27033,188.6557,444.22108,181.01519,188.75853,433.96382,181.00997,188.75771,TRUE,FALSE,None,0,0,0,71,2,1,0,0,TRUE,2,0,2,0,0,3,2,2,2,-0.00233,-13.024,-0.89572,-0.92342,-0.19045,FALSE,-2.43964,-0.34222,53.03417,-0.59791,-0.50043,57.56413,-0.51964,-0.34341,53.06755,-2.51792,-0.49924,57.53075,-1.47965,-0.34222,53.03386,219,2.16
RGB_P4_719552352.png,438.89652,184.43508,10.9414,8.37848,2,89.35883,433.42582,FALSE,FALSE,FALSE,1.7,1.45,car,433.42582,180.24584,188.51111,444.36721,180.25186,188.51208,444.22546,180.98783,188.62432,434.1098,180.98268,188.62348,TRUE,FALSE,None,0,0,0,70,2,1,0,0,TRUE,2,0,2,0,0,3,2,2,2,-0.00028,-12.96367,-0.88295,-0.91441,-0.20183,FALSE,-2.448,-0.34222,53.85762,-0.60698,-0.50043,58.38787,-0.528,-0.34341,53.89131,-2.52699,-0.49924,58.35419,-1.48802,-0.34222,53.85747,219,2.22
RGB_P4_719489590.png,442.43693,185.01685,10.46503,8.21358,2,89.35883,437.20442,FALSE,FALSE,FALSE,1.69972,1.44968,car,437.20442,180.91006,189.05235,447.66944,180.91619,189.0532,447.2404,181.59268,189.12365,437.5543,181.58742,189.1229,FALSE,FALSE,None,0,0,0,69,0,1,0,0,TRUE,0,0,2,0,0,3,2,0,0,0.0018,-12.90592,-0.87431,-0.55879,-0.07701,FALSE,-1.81285,-0.46317,54.66984,-0.03627,-0.62149,59.20242,0.05108,-0.46448,54.70601,-1.9002,-0.62019,59.16626,-0.88083,-0.46317,54.66923,219,2.28
RGB_P4_719427449.png,439.39035,185.00852,9.90938,7.79245,2,88.68131,434.43566,FALSE,FALSE,FALSE,1.69972,1.44968,car,434.43566,181.11229,188.82051,444.34503,181.11795,188.82139,444.16735,181.74665,188.90475,434.95915,181.74176,188.90398,TRUE,FALSE,None,0,0,0,68,0,1,0,0,TRUE,0,0,2,0,0,3,2,0,0,0.00442,-11.59047,-0.74175,-0.86481,-0.3197,FALSE,-2.442,-0.51995,57.81789,-0.66644,-0.67827,62.35087,-0.57807,-0.52126,57.85448,-2.53037,-0.67697,62.31428,-1.50998,-0.51995,57.81749,219,2.34
RGB_P4_719365928.png,439.41061,184.9416,9.79159,7.70805,2,88.68131,434.51481,FALSE,FALSE,FALSE,1.69972,1.44968,car,434.51481,181.08758,188.70419,444.3064,181.09317,188.70506,444.12763,181.71665,188.79563,435.02121,181.71181,188.79488,TRUE,FALSE,None,0,0,0,67,0,1,0,0,TRUE,0,0,2,0,0,3,2,0,0,0.00745,-11.54938,-0.75816,-0.86277,-0.26466,FALSE,-2.45763,-0.51995,58.52899,-0.68326,-0.67827,63.06243,-0.59371,-0.52126,58.56607,-2.54718,-0.67697,63.02536,-1.52561,-0.51995,58.52883,219,2.4
RGB_P4_719305026.png,439.45452,184.87704,9.67806,7.62656,2,88.68131,434.61549,FALSE,FALSE,FALSE,1.69972,1.44968,car,434.61549,181.06376,188.59209,444.29356,181.06929,188.59296,444.11383,181.68769,188.69032,435.10568,181.6829,188.68956,TRUE,FALSE,None,0,0,0,66,0,1,0,0,TRUE,0,0,2,0,0,3,2,0,0,0.00944,-11.50843,-0.77686,-0.85836,-0.28901,FALSE,-2.46835,-0.51995,59.23069,-0.69477,-0.67827,63.76444,-0.60444,-0.52126,59.26808,-2.55868,-0.67697,63.72704,-1.53633,-0.51995,59.23069,219,2.46
RGB_P4_719249706.png,441.69605,185.66265,9.41934,7.49401,2,88.68131,436.98638,FALSE,FALSE,FALSE,1.7,1.45,car,436.98638,181.91564,189.36601,446.40572,181.92041,189.36622,446.07658,182.47442,189.40966,437.30279,182.4703,189.40948,FALSE,FALSE,None,0,0,0,65,0,1,0,0,TRUE,0,0,2,0,0,3,2,0,0,0.00945,-11.46583,-0.77948,-0.63321,-0.17949,FALSE,-2.03411,-0.69001,59.86584,-0.29224,-0.8483,64.39951,-0.20056,-0.69129,59.90318,-2.12578,-0.84703,64.36217,-1.11722,-0.69001,59.86632,219,2.52
RGB_P4_719190044.png,440.13965,184.66123,8.81064,7.09296,2,89.00078,435.73433,FALSE,FALSE,FALSE,1.7,1.45,car,435.73433,181.11475,188.08342,444.54497,181.11968,188.0844,444.35907,181.69171,188.20771,436.11575,181.6874,188.20686,TRUE,FALSE,None,0,0,0,64,0,1,0,0,TRUE,0,0,2,0,0,3,2,0,0,0.0078,-9.43106,-0.57535,-0.78954,-0.28087,FALSE,-2.44313,-0.56233,64.10409,-0.70047,-0.72062,68.63745,-0.60958,-0.5636,64.14111,-2.53402,-0.71935,68.60043,-1.52625,-0.56233,64.10441,219,2.58
RGB_P4_719131003.png,440.25329,184.61627,8.73629,7.03816,2,89.00078,435.88514,FALSE,FALSE,FALSE,1.7,1.45,car,435.88514,181.09719,188.00709,444.62143,181.1021,188.00815,444.43533,181.67074,188.13535,436.25715,181.66644,188.13443,TRUE,FALSE,None,0,0,0,63,0,1,0,0,TRUE,0,0,2,0,0,3,2,0,0,0.00629,-9.39408,-0.5652,-0.77813,-0.2162,FALSE,-2.43319,-0.56233,64.66046,-0.6898,-0.72062,69.19354,-0.59964,-0.5636,64.69718,-2.52336,-0.71935,69.15682,-1.51631,-0.56233,64.66063,219,2.64
RGB_P4_719072582.png,440.33962,184.57267,8.66426,6.98497,2,89.00078,436.00749,FALSE,FALSE,FALSE,1.7,1.45,car,436.00749,181.08018,187.93314,444.67175,181.08506,187.93425,444.48547,181.65039,188.06515,436.37043,181.64611,188.06418,TRUE,FALSE,None,0,0,0,62,0,1,0,0,TRUE,0,0,2,0,0,3,2,0,0,0.00555,-9.35685,-0.55043,-0.76946,-0.20994,FALSE,-2.42843,-0.56233,65.20862,-0.68468,-0.72062,69.74156,-0.59487,-0.5636,65.2452,-2.51824,-0.71935,69.70499,-1.51155,-0.56233,-1,219,2.7
RGB_P4_719004859.png,441.76612,185.10714,8.34992,6.88529,2,89.00078,437.59116,FALSE,FALSE,FALSE,1.7,1.45,car,437.59116,181.66449,188.45204,445.94107,181.66846,188.45259,445.69662,182.19214,188.54979,437.87128,182.18867,188.54932,FALSE,FALSE,None,0,0,0,61,2,1,0,0,TRUE,2,0,2,0,0,3,2,2,2,0.00454,-9.31863,-0.54652,-0.62617,-0.13339,FALSE,-2.11431,-0.69117,65.84068,-0.41547,-0.84932,70.37093,-0.3302,-0.6923,65.87447,-2.19958,-0.84819,70.33713,-1.22216,-0.69117,65.84139,219,2.76
RGB_P4_718947679.png,440.82289,184.63254,7.98917,6.62669,2,86.89381,436.8283,FALSE,FALSE,FALSE,1.7,1.45,car,436.8283,181.31919,187.81329,444.81747,181.32317,187.81416,444.65393,181.84637,187.94588,437.1463,181.84287,187.94512,TRUE,FALSE,None,0,0,0,60,2,1,0,0,TRUE,2,0,2,0,0,3,2,2,2,0.00319,-7.83254,-0.43867,-0.72092,-0.18224,FALSE,-2.3853,-0.63954,68.87907,-0.68568,-0.7977,73.40902,-0.60119,-0.64067,68.91255,-2.46979,-0.79657,73.37553,-1.49315,-0.63954,68.87962,219,2.82
RGB_P4_718891117.png,440.9476,184.59913,7.93902,6.58855,2,86.89381,436.97809,FALSE,FALSE,FALSE,1.7,1.45,car,436.97809,181.30485,187.75822,444.91711,181.30882,187.75917,444.75346,181.8298,187.8934,437.29015,181.82629,187.89257,TRUE,FALSE,None,0,0,0,59,2,1,0,0,TRUE,2,0,2,0,0,3,2,2,2,0.00115,-7.81594,-0.46901,-0.70839,-0.12214,FALSE,-2.36739,-0.63954,69.32211,-0.66658,-0.7977,73.85161,-0.58326,-0.64067,69.35513,-2.4507,-0.79657,73.8186,-1.47524,-0.63954,69.32243,219,2.88
RGB_P4_718825256.png,441.08038,184.56081,7.88155,6.54479,2,86.89381,437.13961,FALSE,FALSE,FALSE,1.7,1.45,car,437.13961,181.28842,187.69511,445.02116,181.29238,187.69614,444.85741,181.81079,187.83321,437.44491,181.80729,187.8323,TRUE,FALSE,None,0,0,0,58,2,1,0,0,TRUE,2,0,2,0,0,3,2,2,2,-0.00092,-7.79052,-0.4878,-0.69505,-0.09937,FALSE,-2.34887,-0.63954,69.83675,-0.64686,-0.7977,74.3658,-0.56474,-0.64067,69.86929,-2.43099,-0.79657,74.33326,-1.45672,-0.63954,69.83684,219,2.94
RGB_P4_718769935.png,442.30045,185.14562,7.54022,6.46984,2,86.89381,438.53034,FALSE,FALSE,FALSE,1.7,1.45,car,438.53034,181.9107,188.27793,446.07056,181.91427,188.27872,445.84712,182.3929,188.38054,438.75303,182.38974,188.37984,FALSE,FALSE,None,0,0,0,57,2,1,0,0,TRUE,2,0,2,0,0,3,2,2,2,-0.00169,-7.76484,-0.49367,-0.5725,-0.03447,FALSE,-2.04714,-0.78423,70.26758,-0.41148,-0.94235,74.79529,-0.32971,-0.78533,70.29878,-2.12891,-0.94126,74.7641,-1.18833,-0.78423,70.26746,219,3
RGB_P4_718705313.png,441.42327,184.0921,7.21617,6.2622,2,89.79641,437.81518,FALSE,FALSE,FALSE,1.7,1.45,car,437.81518,180.961,187.05487,445.03135,180.96481,187.05612,444.87451,181.47793,187.2232,438.068,181.47454,187.22209,TRUE,FALSE,None,0,0,0,56,2,1,0,0,TRUE,2,0,2,0,0,3,2,2,2,-0.0012,-6.07479,-0.37587,-0.66061,-0.0938,FALSE,-2.31437,-0.5879,73.49291,-0.67908,-0.74602,78.02075,-0.59695,-0.589,73.52424,-2.39651,-0.74492,77.98942,-1.45556,-0.5879,73.49286,219,3.06
RGB_P4_718651232.png,441.4302,184.07102,7.18465,6.23688,2,89.79641,437.83788,FALSE,FALSE,FALSE,1.7,1.45,car,437.83788,180.95258,187.01985,445.02253,180.95638,187.02109,444.86556,181.46786,187.18946,438.0871,181.46448,187.18835,TRUE,FALSE,None,0,0,0,55,2,1,0,0,TRUE,2,0,2,0,0,3,2,2,2,-0.00077,-6.05547,-0.38137,-0.65991,-0.06628,FALSE,-2.31958,-0.5879,73.82099,-0.68462,-0.74602,78.34895,-0.60216,-0.589,73.85244,-2.40204,-0.74492,78.31749,-1.46077,-0.5879,73.82099,219,3.12
RGB_P4_718587850.png,441.45537,184.04662,7.14817,6.20756,2,89.79641,437.88128,FALSE,FALSE,FALSE,1.7,1.45,car,437.88128,180.94284,186.9793,445.02945,180.94662,186.98055,444.87237,181.4562,187.1504,438.12638,181.45284,187.14928,TRUE,FALSE,None,0,0,0,54,2,1,0,0,TRUE,2,0,2,0,0,3,2,2,2,-0.0006,-6.03561,-0.39527,-0.65739,-0.06828,FALSE,-2.32155,-0.5879,74.20435,-0.68671,-0.74602,78.73235,-0.60413,-0.589,74.23585,-2.40413,-0.74492,78.70085,-1.46274,-0.5879,74.20438,219,3.18
RGB_P4_718525090.png,442.24836,184.69742,7.17426,6.13891,2,89.79641,438.66123,FALSE,FALSE,FALSE,1.7,1.45,car,438.66123,181.62797,187.63336,445.83549,181.63153,187.63445,445.63969,182.10031,187.76688,438.86713,182.09712,187.7659,FALSE,FALSE,None,0,0,0,53,2,1,0,0,TRUE,2,0,2,0,0,3,2,2,2,-0.00082,-6.01491,-0.40897,-0.57773,-0.04454,FALSE,-2.14557,-0.7555,74.58327,-0.49413,-0.91364,79.11102,-0.413,-0.75662,74.61449,-2.2267,-0.91252,79.0798,-1.27917,-0.7555,74.58288,219,3.24
RGB_P4_718462948.png,441.81662,184.20649,6.81416,5.86637,2,86.09547,438.40954,FALSE,FALSE,FALSE,1.7,1.45,car,438.40954,181.27331,186.97729,445.22369,181.27683,186.97858,445.06929,181.74223,187.13968,438.61855,181.73907,187.13852,TRUE,FALSE,None,0,0,0,52,2,1,0,0,TRUE,2,0,2,0,0,3,2,2,2,-0.0007,-3.7188,-0.30447,-0.6211,-0.09713,FALSE,-2.32885,-0.69852,78.59833,-0.67757,-0.85666,83.12613,-0.59629,-0.69964,78.62961,-2.41013,-0.85555,83.09485,-1.46246,-0.69852,78.59796,219,3.3
RGB_P4_718401426.png,441.7744,184.19235,6.79475,5.85086,2,86.09547,438.37703,FALSE,FALSE,FALSE,1.7,1.45,car,438.37703,181.26692,186.95466,445.17177,181.27043,186.95591,445.01731,181.73491,187.11779,438.58396,181.73177,187.11666,TRUE,FALSE,None,0,0,0,51,2,1,0,0,TRUE,2,0,2,0,0,3,2,2,2,2.00E-05,-3.70463,-0.32012,-0.62534,-0.10484,FALSE,-2.34411,-0.69852,78.82669,-0.69371,-0.85666,83.35482,-0.61156,-0.69964,78.85831,-2.42626,-0.85555,83.3232,-1.47772,-0.69852,78.82649,219,3.36
RGB_P4_718340524.png,441.73602,184.17848,6.77571,5.83565,2,86.09547,438.34817,FALSE,FALSE,FALSE,1.7,1.45,car,438.34817,181.26066,186.93246,445.12388,181.26415,186.93369,444.96935,181.72773,187.09631,438.55308,181.72461,187.0952,TRUE,FALSE,None,0,0,0,50,2,1,0,0,TRUE,2,0,2,0,0,3,2,2,2,0.00069,-3.67795,-0.29445,-0.62919,-0.09724,FALSE,-2.35839,-0.69852,79.05195,-0.7088,-0.85666,83.58037,-0.62584,-0.69964,79.08387,-2.44135,-0.85555,83.54844,-1.492,-0.69852,79.05191,219,3.42
RGB_P4_718285201.png,442.19539,184.50257,6.81122,5.80311,2,86.09547,438.78979,FALSE,FALSE,FALSE,1.7,1.45,car,438.78979,181.60101,187.25807,445.601,181.60428,187.25911,445.4254,182.04874,187.40412,438.97461,182.04581,187.40319,FALSE,FALSE,None,0,0,0,49,2,1,0,0,TRUE,2,0,2,0,0,3,2,2,2,0.00087,-3.65957,-0.27921,-0.58305,-0.05274,FALSE,-2.2515,-0.78714,79.25514,-0.58728,-0.94526,83.78343,-0.50535,-0.78824,79.28692,-2.33343,-0.94417,83.75166,-1.37831,-0.78714,79.25531,219,3.48
RGB_P4_718225540.png,441.84904,183.12016,6.69634,5.783,2,85.78872,438.50086,FALSE,FALSE,FALSE,1.7,1.45,car,438.50086,180.22866,185.79102,445.19721,180.23241,185.79261,445.04581,180.74121,186.01165,438.69815,180.73784,186.01023,TRUE,FALSE,None,0,0,0,48,2,1,0,0,TRUE,2,0,2,0,0,3,2,2,2,0.0008,-2.89059,-0.22122,-0.61784,-0.06026,FALSE,-2.36742,-0.44096,80.65111,-0.7031,-0.59908,85.17936,-0.62126,-0.44206,80.68285,-2.44925,-0.59798,85.14762,-1.49423,-0.44096,80.65126,219,3.54
RGB_P4_718166499.png,441.88886,183.11204,6.6824,5.77173,2,85.78872,438.54766,FALSE,FALSE,FALSE,1.7,1.45,car,438.54766,180.22617,185.77696,445.23006,180.22992,185.77857,445.07869,180.73785,185.99791,438.74356,180.73448,185.99646,TRUE,FALSE,None,0,0,0,47,2,1,0,0,TRUE,2,0,2,0,0,3,2,2,2,0.00055,-2.87772,-0.22232,-0.61384,-0.04072,FALSE,-2.36036,-0.44096,80.822,-0.69563,-0.59908,85.35011,-0.6142,-0.44206,80.85359,-2.44179,-0.59798,85.31852,-1.48717,-0.44096,80.82208,219,3.6
RGB_P4_718108078.png,441.91861,183.10407,6.66873,5.76068,2,85.78872,438.58425,FALSE,FALSE,FALSE,1.7,1.45,car,438.58425,180.22373,185.76317,445.25298,180.22747,185.76479,445.10162,180.73455,185.98442,438.77879,180.73118,185.98297,TRUE,FALSE,None,0,0,0,46,2,1,0,0,TRUE,2,0,2,0,0,3,2,2,2,0.00039,-2.86373,-0.21955,-0.61085,-0.03224,FALSE,-2.35584,-0.44096,80.99027,-0.69086,-0.59908,85.51829,-0.60968,-0.44206,81.02176,-2.43702,-0.59798,85.4868,-1.48265,-0.44096,80.9903,219,3.66
RGB_P4_718040356.png,442.34342,183.69278,6.6653,5.71524,2,85.78872,439.01077,FALSE,FALSE,FALSE,1.7,1.45,car,439.01077,180.83516,186.36084,445.67607,180.83868,186.36219,445.49695,181.31294,186.5504,439.17656,181.30979,186.54919,FALSE,FALSE,None,0,0,0,45,2,1,0,0,TRUE,2,0,2,0,0,3,2,2,2,0.0003,-2.84145,-0.19808,-0.56818,-0.01051,FALSE,-2.24984,-0.60203,81.18404,-0.58322,-0.76016,85.71275,-0.50031,-0.60314,81.21626,-2.33275,-0.75905,85.68053,-1.37495,-0.60203,81.1843,219,3.72
RGB_P4_717983177.png,442.23371,184.32809,6.36489,5.43123,2,84.5305,439.05127,FALSE,FALSE,FALSE,1.7,1.45,car,439.05127,181.61248,186.88857,445.41616,181.61554,186.88967,445.25849,182.03099,187.0437,439.20885,182.02822,187.04271,TRUE,FALSE,None,0,0,0,44,2,1,0,0,TRUE,2,0,2,0,0,3,2,2,2,0.00027,-0.58105,-0.06743,-0.5792,-0.03798,FALSE,-2.35013,-0.83777,85.07004,-0.68324,-0.9959,89.59865,-0.6006,-0.83888,85.10215,-2.43277,-0.99479,89.56654,-1.47523,-0.83777,85.07025,219,3.78
RGB_P4_717926615.png,442.27319,184.32614,6.36244,5.42931,2,84.5305,439.09197,FALSE,FALSE,FALSE,1.7,1.45,car,439.09197,181.61148,186.88555,445.45441,181.61456,186.88667,445.29678,182.0299,187.0408,439.24936,182.02713,187.03978,TRUE,FALSE,None,0,0,0,43,2,1,0,0,TRUE,2,0,2,0,0,3,2,2,2,0.0002,-0.57286,-0.04874,-0.57524,-0.05842,FALSE,-2.33988,-0.83777,85.10326,-0.67245,-0.9959,89.63168,-0.59034,-0.83888,85.13517,-2.42198,-0.99479,89.59977,-1.46498,-0.83777,85.10337,219,3.84
RGB_P4_717860754.png,442.3151,184.32391,6.35963,5.42711,2,84.5305,439.13528,FALSE,FALSE,FALSE,1.7,1.45,car,439.13528,181.61035,186.88209,445.49491,181.61343,186.88324,445.33732,182.02865,187.03746,439.29244,182.02587,187.03643,TRUE,FALSE,None,0,0,0,42,2,1,0,0,TRUE,2,0,2,0,0,3,2,2,2,0.00012,-0.5637,-0.02833,-0.57103,-0.08353,FALSE,-2.32904,-0.83777,85.14135,-0.66103,-0.9959,89.66955,-0.5795,-0.83888,85.17303,-2.41057,-0.99479,89.63787,-1.45414,-0.83777,85.14135,219,3.9
RGB_P4_717805433.png,442.30978,184.3017,6.33189,5.40518,2,84.5305,439.14384,FALSE,FALSE,FALSE,1.7,1.45,car,439.14384,181.59911,186.84786,445.47573,181.60218,186.84901,445.31972,182.01624,187.00429,439.2999,182.01346,187.00325,FALSE,FALSE,None,0,0,0,41,2,1,0,0,TRUE,2,0,2,0,0,3,2,2,2,0,0,0,-0.57156,-0.0781,FALSE,-2.33736,-0.83777,85.52011,-0.66936,-0.9959,90.04831,-0.58783,-0.83888,85.55179,-2.4189,-0.99479,90.01663,-1.46247,-0.83777,85.52011,219,3.96
RGB_P4_717740811.png,442.07171,183.76684,6.55658,5.91069,2,79.54993,438.79342,FALSE,FALSE,FALSE,1.7,1.45,car,438.79342,180.81149,186.53567,445.35,180.81488,186.53691,445.18948,181.30657,186.72218,438.98374,181.30353,186.72108,TRUE,FALSE,None,0,0,0,40,2,1,0,0,TRUE,2,0,2,0,0,3,2,2,2,0,0,0,-0.59548,-0.08172,FALSE,-2.22309,-0.57966,78.32473,-0.64277,-0.73771,82.85113,-0.5618,-0.58069,78.3546,-2.30406,-0.73669,82.82126,-1.39233,-0.57966,-1,219,4.02
RGB_P4_717686730.png,442.15431,183.70026,6.46017,5.82981,2,79.54993,438.92422,FALSE,FALSE,FALSE,1.7,1.45,car,438.92422,180.78536,186.42541,445.38439,180.78871,186.42666,445.22405,181.27492,186.61517,439.10473,181.27192,186.61405,TRUE,FALSE,None,0,0,0,39,2,1,0,0,TRUE,2,0,2,0,0,3,2,2,2,0,0,0,-0.58718,-0.06284,FALSE,-2.22426,-0.57966,79.51269,-0.64401,-0.73771,84.03912,-0.56297,-0.58069,79.54259,-2.30529,-0.73669,84.00922,-1.3935,-0.57966,79.51294,219,4.08
RGB_P4_717623348.png,442.27227,183.62458,6.35072,5.73779,2,79.54993,439.09692,FALSE,FALSE,FALSE,1.7,1.45,car,439.09692,180.75569,186.30021,445.44763,180.75899,186.3015,445.2876,181.23894,186.49348,439.26658,181.23597,186.49232,TRUE,FALSE,None,0,0,0,38,2,1,0,0,TRUE,2,0,2,0,0,3,2,2,2,0,0,0,-0.57533,-0.04854,FALSE,-2.2193,-0.57966,80.90521,-0.63877,-0.73771,85.43154,-0.55802,-0.58069,80.93501,-2.30006,-0.73669,85.40175,-1.38854,-0.57966,80.90541,219,4.14
RGB_P4_717560586.png,442.43881,183.55203,6.24591,5.6495,2,79.54993,439.31586,FALSE,FALSE,FALSE,1.7,1.45,car,439.31586,180.72728,186.18034,445.56177,180.73055,186.18168,445.4022,181.20444,186.37678,439.47548,181.20149,186.37556,FALSE,FALSE,None,0,0,0,37,2,1,0,0,TRUE,2,0,2,0,0,3,2,2,2,0,0,0,-0.5586,0.12098,FALSE,-2.20014,-0.57966,82.28421,-0.61853,-0.73771,86.81017,-0.53884,-0.58069,82.31362,-2.27982,-0.73669,86.78077,-1.36938,-0.57966,82.28421,219,4.2
RGB_P4_717498445.png,442.37952,183.65347,6.26917,5.53135,2,74.46563,439.24494,FALSE,FALSE,FALSE,1.7,1.45,car,439.24494,180.8878,186.22902,445.51411,180.89087,186.23027,445.36925,181.34751,186.41914,439.41422,181.34473,186.41801,TRUE,FALSE,None,0,0,0,36,2,1,0,0,TRUE,2,0,2,0,0,3,2,2,2,0,0,0,-0.56456,0.24005,FALSE,-2.26772,-0.63262,84.03078,-0.64241,-0.79065,88.55652,-0.56536,-0.63362,84.05992,-2.34478,-0.78964,88.52738,-1.41643,-0.63262,84.03093,219,4.26
RGB_P4_717436925.png,442.5015,183.58434,6.17144,5.45088,2,74.46563,439.41578,FALSE,FALSE,FALSE,1.7,1.45,car,439.41578,180.8589,186.11689,445.58722,180.86194,186.11818,445.44264,181.31324,186.30978,439.57587,181.31049,186.30862,TRUE,FALSE,None,0,0,0,35,2,1,0,0,TRUE,2,0,2,0,0,3,2,2,2,0,0,0,-0.5523,0.32579,FALSE,-2.25824,-0.63262,85.38179,-0.63241,-0.79065,89.90734,-0.55587,-0.63362,85.41073,-2.33478,-0.78964,89.8784,-1.40694,-0.63262,85.38184,219,4.32
RGB_P4_717376023.png,442.59368,183.51792,6.07766,5.3735,2,74.46563,439.55485,FALSE,FALSE,FALSE,1.7,1.45,car,439.55485,180.83117,186.00929,445.63251,180.83418,186.0106,445.48825,181.2803,186.20466,439.70629,181.27758,186.20348,TRUE,FALSE,None,0,0,0,34,2,1,0,0,TRUE,2,0,2,0,0,3,2,2,2,0,0,0,-0.54305,0.23386,FALSE,-2.25582,-0.63262,86.71909,-0.62986,-0.79065,91.2446,-0.55344,-0.63362,86.74799,-2.33223,-0.78964,91.2157,-1.40452,-0.63262,86.71912,219,4.38
RGB_P4_717320701.png,442.67651,183.45924,5.9949,5.30507,2,74.46563,439.67906,FALSE,FALSE,FALSE,1.7,1.45,car,439.67906,180.8067,185.91434,445.67397,180.80968,185.91566,445.53004,181.25119,186.11177,439.82303,181.2485,186.11057,FALSE,FALSE,None,0,0,0,33,2,1,0,0,TRUE,2,0,2,0,0,3,2,2,2,0,0,0,-0.53473,0.2665,FALSE,-2.25319,-0.63262,87.93395,-0.6271,-0.79065,92.45941,-0.55082,-0.63362,87.96279,-2.32947,-0.78964,92.43056,-1.4019,-0.63262,87.93395,219,4.44
RGB_P4_717261040.png,442.3806,183.49439,6.10917,5.62462,2,73.37381,439.32601,FALSE,FALSE,FALSE,1.7,1.45,car,439.32601,180.68208,186.10755,445.43518,180.68517,186.10884,445.29297,181.1591,186.3067,439.49451,181.15632,186.30555,TRUE,FALSE,None,0,0,0,32,0,1,0,0,TRUE,0,0,2,0,0,3,2,0,0,0,0,0,-0.56445,0.25817,FALSE,-2.20918,-0.56988,82.70991,-0.65281,-0.72788,87.23438,-0.57599,-0.57085,82.73778,-2.286,-0.72691,87.20651,-1.39247,-0.56988,82.70994,219,4.5
RGB_P4_717201999.png,442.50073,183.42938,6.01628,5.54472,2,73.37381,439.49259,FALSE,FALSE,FALSE,1.7,1.45,car,439.49259,180.65702,186.00003,445.50887,180.66007,186.00135,445.36681,181.12842,186.20175,439.65209,181.12567,186.20056,TRUE,FALSE,None,0,0,0,31,0,1,0,0,TRUE,0,0,2,0,0,3,2,0,0,0,0,0,-0.55238,0.25108,FALSE,-2.19975,-0.56988,84.00666,-0.64287,-0.72788,88.53096,-0.56656,-0.57085,84.03435,-2.27607,-0.72691,88.50328,-1.38305,-0.56988,84.00661,219,4.56
RGB_P4_717143578.png,442.58774,183.36691,5.92713,5.46787,2,73.37381,439.62417,FALSE,FALSE,FALSE,1.7,1.45,car,439.62417,180.63298,185.89684,445.5513,180.63599,185.89817,445.40943,181.09893,186.10084,439.77521,181.09621,186.09964,TRUE,FALSE,None,0,0,0,30,0,1,0,0,TRUE,0,0,2,0,0,3,2,0,0,0,0,0,-0.54364,0.07758,FALSE,-2.19823,-0.56988,85.28951,-0.64126,-0.72788,89.81377,-0.56503,-0.57085,85.31716,-2.27446,-0.72691,89.78612,-1.38152,-0.56988,85.28943,219,4.62
RGB_P4_717075856.png,442.65161,183.29669,5.82708,5.38142,2,73.37381,439.73807,FALSE,FALSE,FALSE,1.7,1.45,car,439.73807,180.60599,185.78102,445.56515,180.60896,185.78235,445.4235,181.06578,185.9874,439.87976,181.06309,185.9862,FALSE,FALSE,None,0,0,0,1,0,1,0,0,TRUE,0,0,2,0,0,3,2,0,0,0,0,0,-0.53723,0.01121,FALSE,-2.20593,-0.56988,86.77607,-0.64937,-0.72788,91.30048,-0.57274,-0.57085,86.80387,-2.28257,-0.72691,91.27268,-1.38923,-0.56988,86.77607,219,4.68
RGB_P4_717018675.png,440.91855,183.28554,5.77213,4.95942,2,78.19973,438.03248,FALSE,FALSE,FALSE,1.7,1.45,car,438.03248,180.80583,185.56485,443.80461,180.80874,185.56623,443.7472,181.2215,185.76525,438.23422,181.21885,185.76399,TRUE,FALSE,None,0,0,0,28,0,1,0,0,TRUE,0,0,2,0,0,3,2,0,0,0,0,0,-0.71131,-0.09213,FALSE,-2.9282,-0.66919,94.46933,-1.24765,-0.82727,98.99656,-1.16921,-0.67025,94.49998,-3.00665,-0.82621,98.96591,-2.04857,-0.66919,94.46949,219,4.74
RGB_P4_716962114.png,440.96646,183.25004,5.72215,4.9191,2,78.19973,438.10539,FALSE,FALSE,FALSE,1.7,1.45,car,438.10539,180.79049,185.50833,443.82754,180.79338,185.50971,443.76894,181.20341,185.70959,438.30156,181.20078,185.70833,TRUE,FALSE,None,0,0,0,27,0,1,0,0,TRUE,0,0,2,0,0,3,2,0,0,0,0,0,-0.70649,-0.02914,FALSE,-2.93232,-0.66919,95.30556,-1.25197,-0.82727,99.83286,-1.17332,-0.67025,95.33629,-3.01097,-0.82621,99.80213,-2.05269,-0.66919,95.30576,219,4.8
RGB_P4_716896252.png,441.07672,183.20944,5.665,4.87297,2,78.19973,438.24422,FALSE,FALSE,FALSE,1.7,1.45,car,438.24422,180.77296,185.4437,443.90922,180.77582,185.4451,443.84932,181.18272,185.64593,438.43414,181.1801,185.64464,TRUE,FALSE,None,0,0,0,26,0,1,0,0,TRUE,0,0,2,0,0,3,2,0,0,0,0,0,-0.69542,-0.0753,FALSE,-2.91988,-0.66919,96.27976,-1.23897,-0.82727,100.80685,-1.16088,-0.67025,96.31027,-2.99796,-0.82621,100.77634,-2.04025,-0.66919,96.27985,219,4.86
RGB_P4_716840931.png,442.58337,183.10057,5.51161,4.74915,2,78.19973,439.82757,FALSE,FALSE,FALSE,1.7,1.45,car,439.82757,180.726,185.27065,445.33918,180.72881,185.27208,445.22081,181.12721,185.47515,439.94597,181.12463,185.47384,FALSE,FALSE,None,0,0,0,25,0,1,0,0,TRUE,0,0,2,0,0,3,2,0,0,0,0,0,-0.54408,0.00205,FALSE,-2.49857,-0.66919,98.98766,-0.81718,-0.82727,103.51457,-0.73957,-0.67025,99.01798,-2.57618,-0.82621,103.48425,-1.61894,-0.66919,98.98766,219,4.92
RGB_P4_716776310.png,441.12497,183.35496,5.31095,4.86124,2,74.33543,438.4695,FALSE,FALSE,FALSE,1.7,1.45,car,438.4695,180.92434,185.59005,443.78045,180.92702,185.5914,443.73326,181.32684,185.78558,438.65629,181.32439,185.78435,TRUE,FALSE,None,0,0,0,24,0,1,0,0,TRUE,0,0,2,0,0,3,2,0,0,0,0,0,-0.69057,-0.09601,FALSE,-2.85305,-0.71677,96.38155,-1.27805,-0.8748,100.90596,-1.20224,-0.71777,96.40934,-2.92886,-0.8738,100.87817,-2.02752,-0.71677,96.38114,219,4.98
RGB_P4_716722228.png,441.14596,183.31765,5.26346,4.82043,2,74.33543,438.51423,FALSE,FALSE,FALSE,1.7,1.45,car,438.51423,180.90744,185.53145,443.77769,180.91009,185.53279,443.72917,181.30724,185.72787,438.69561,181.30481,185.72664,TRUE,FALSE,None,0,0,0,23,0,1,0,0,TRUE,0,0,2,0,0,3,2,0,0,0,0,0,-0.68846,-0.06214,FALSE,-2.86575,-0.71677,97.2627,-1.29136,-0.8748,101.78733,-1.21494,-0.71777,97.29072,-2.94217,-0.8738,101.75931,-2.04022,-0.71677,97.26241,219,5.04
RGB_P4_716658847.png,441.15394,183.27476,5.20891,4.77347,2,74.33543,438.54949,FALSE,FALSE,FALSE,1.7,1.45,car,438.54949,180.88802,185.46412,443.7584,180.89064,185.46543,443.70838,181.28469,185.66149,438.72473,181.28229,185.66028,TRUE,FALSE,None,0,0,0,22,0,1,0,0,TRUE,0,0,2,0,0,3,2,0,0,0,0,0,-0.68766,-0.10831,FALSE,-2.88574,-0.71677,98.29499,-1.31229,-0.8748,102.81995,-1.23494,-0.71777,98.32336,-2.96309,-0.8738,102.79159,-2.06021,-0.71677,98.29488,219,5.1
RGB_P4_716596085.png,442.55664,183.26643,5.19793,4.76435,2,74.33543,439.95768,FALSE,FALSE,FALSE,1.7,1.45,car,439.95768,180.88425,185.45106,445.15561,180.88687,185.45236,445.04345,181.28032,185.64861,440.06986,181.27792,185.64741,FALSE,FALSE,None,0,0,0,21,0,1,0,0,TRUE,0,0,2,0,0,3,2,0,0,0,0,0,-0.54677,-0.11382,FALSE,-2.44454,-0.71677,98.49767,-0.87174,-0.8748,103.02286,-0.79374,-0.71777,98.52627,-2.52254,-0.8738,102.99426,-1.61901,-0.71677,98.49767,219,5.16
RGB_P4_716533945.png,441.28956,183.30884,5.25311,4.64009,2,73.67796,438.663,FALSE,FALSE,FALSE,1.7,1.45,car,438.663,180.98879,185.43559,443.91611,180.99141,185.43694,443.86136,181.37055,185.62889,438.82928,181.36815,185.62766,TRUE,FALSE,None,0,0,0,20,0,1,0,0,TRUE,0,0,2,0,0,3,2,0,0,0,0,0,-0.67404,-0.25064,FALSE,-2.93578,-0.76667,101.18796,-1.29973,-0.92473,105.71392,-1.22257,-0.76771,101.21732,-3.01294,-0.9237,105.68456,-2.07904,-0.76667,101.18781,219,5.22
RGB_P4_716472422.png,441.32794,183.27099,5.20504,4.60017,2,73.67796,438.72542,FALSE,FALSE,FALSE,1.7,1.45,car,438.72542,180.97091,185.37703,443.93045,180.9735,185.37837,443.87462,181.35007,185.57108,438.88666,181.34768,185.56985,TRUE,FALSE,None,0,0,0,19,0,1,0,0,TRUE,0,0,2,0,0,3,2,0,0,0,0,0,-0.67019,-0.24824,FALSE,-2.94335,-0.76667,102.13438,-1.30765,-0.92473,106.66046,-1.23015,-0.76771,102.16387,-3.02085,-0.9237,106.63097,-2.08661,-0.76667,102.13429,219,5.28
RGB_P4_716411522.png,441.33081,183.23419,5.15834,4.56133,2,73.67796,438.75164,FALSE,FALSE,FALSE,1.7,1.45,car,438.75164,180.95353,185.32013,443.90998,180.9561,185.32145,443.8531,181.33014,185.51486,438.90805,181.32778,185.51364,TRUE,FALSE,None,0,0,0,18,0,1,0,0,TRUE,0,0,2,0,0,3,2,0,0,0,0,0,-0.6699,-0.22332,FALSE,-2.96228,-0.76667,103.0708,-1.3274,-0.92473,107.59718,-1.24908,-0.76771,103.1006,-3.04061,-0.9237,107.56737,-2.10554,-0.76667,103.07086,219,5.34
RGB_P4_716356200.png,442.55896,183.13568,5.03309,4.45727,2,73.67796,440.04241,FALSE,FALSE,FALSE,1.7,1.45,car,440.04241,180.90704,185.16791,445.07551,180.90957,185.16925,444.97389,181.27679,185.36431,440.14406,181.27447,185.36308,FALSE,FALSE,None,0,0,0,17,0,1,0,0,TRUE,0,0,2,0,0,3,2,0,0,0,0,0,-0.54653,-0.13058,FALSE,-2.5991,-0.76667,105.6613,-0.96386,-0.92473,110.18756,-0.8859,-0.76771,105.69097,-2.67707,-0.9237,110.15789,-1.74236,-0.76667,105.6613,219,5.4
RGB_P4_716296539.png,441.42565,183.42628,4.96691,4.56291,2,70.82126,438.9422,FALSE,FALSE,FALSE,1.7,1.45,car,438.9422,181.14482,185.52107,443.90911,181.14718,185.52223,443.85193,181.51411,185.70773,439.09083,181.51195,185.70668,TRUE,FALSE,None,0,0,0,16,0,1,0,0,TRUE,0,0,2,0,0,3,2,0,0,0,0,0,-0.66037,-0.15835,FALSE,-2.89228,-0.82859,102.83627,-1.32473,-0.98659,107.36151,-1.24633,-0.82957,102.86493,-2.97068,-0.98562,107.33285,-2.06917,-0.82859,102.83666,219,5.46
RGB_P4_716237496.png,441.58241,183.38337,4.91676,4.51969,2,70.82126,439.12403,FALSE,FALSE,FALSE,1.7,1.45,car,439.12403,181.12352,185.45563,444.04079,181.12587,185.45682,443.9825,181.49013,185.64321,439.2675,181.48797,185.64212,TRUE,FALSE,None,0,0,0,15,0,1,0,0,TRUE,0,0,2,0,0,3,2,0,0,0,0,0,-0.64462,-0.07387,FALSE,-2.862,-0.82859,103.89774,-1.29313,-0.98659,108.42252,-1.21604,-0.82957,103.92593,-2.93909,-0.98562,108.39434,-2.03889,-0.82859,103.89789,219,5.52
RGB_P4_716179075.png,441.69793,183.34171,4.86813,4.4777,2,70.82126,439.26387,FALSE,FALSE,FALSE,1.7,1.45,car,439.26387,181.10286,185.39215,444.132,181.1052,185.39336,444.07264,181.46684,185.58057,439.40238,181.46469,185.57945,TRUE,FALSE,None,0,0,0,14,0,1,0,0,TRUE,0,0,2,0,0,3,2,0,0,0,0,0,-0.63302,-0.00399,FALSE,-2.84439,-0.82859,104.94824,-1.27478,-0.98659,109.47277,-1.19843,-0.82957,104.97615,-2.92074,-0.98562,109.44485,-2.02128,-0.82859,104.94825,219,5.58
RGB_P4_716111353.png,442.67596,183.28975,4.80729,4.42528,2,70.82126,440.27232,FALSE,FALSE,FALSE,1.7,1.45,car,440.27232,181.07711,185.31302,445.07961,181.07943,185.31424,444.9831,181.43778,185.50239,440.36886,181.43565,185.50127,FALSE,FALSE,None,0,0,0,13,0,1,0,0,TRUE,0,0,2,0,0,3,2,0,0,0,0,0,-0.53478,0.08004,FALSE,-2.53629,-0.82859,106.28739,-0.96661,-0.98659,110.8119,-0.89032,-0.82957,106.31528,-2.61257,-0.98562,110.78401,-1.71318,-0.82859,106.28739,219,5.64
RGB_P4_716054173.png,442.56106,182.88248,5.12057,4.5876,2,72.35049,440.00077,FALSE,FALSE,FALSE,1.7,1.45,car,440.00077,180.58867,184.96631,445.12134,180.59131,184.96775,445.02355,180.98137,185.17628,440.1152,180.97895,185.17495,TRUE,FALSE,None,0,0,0,12,0,1,0,0,TRUE,0,0,2,0,0,3,2,0,0,0,0,0,-0.54632,0.05301,FALSE,-2.54073,-0.64432,102.81618,-0.91924,-0.80236,107.3411,-0.84417,-0.64533,102.84447,-2.6158,-0.80135,107.31281,-1.69233,-0.64432,102.81584,219,5.7
RGB_P4_715997611.png,442.59702,182.83864,5.06025,4.53655,2,72.35049,440.0669,FALSE,FALSE,FALSE,1.7,1.45,car,440.0669,180.57036,184.89645,445.12715,180.57297,184.89788,445.02905,180.95938,185.10692,440.17615,180.95698,185.10559,TRUE,FALSE,None,0,0,0,11,0,1,0,0,TRUE,0,0,2,0,0,3,2,0,0,0,0,0,-0.54271,0.02257,FALSE,-2.55015,-0.64432,104.05708,-0.92907,-0.80236,108.58215,-0.85359,-0.64533,104.08552,-2.62563,-0.80135,108.55371,-1.70174,-0.64432,104.05682,219,5.76
